location,cpu,monitor,cable
VERTIZ,MZ036YBJ,V5XF31YW,CREDCFCRL_0201
VERTIZ,MZ036YBZ,V5XF31YP,CREDCFCRL_0202
VERTIZ,MZ035QJ8,V5XF31YR,CREDCFCRL_0203
VERTIZ,MZ035QGL,V5XF31YC,CREDCFCRL_0204
VERTIZ,MZ035QK6,V5XF32AY,CREDCFCRL_0205
VERTIZ,MZ035QKD,V5XF31YH,CREDCFCRL_0206
VERTIZ,MZ035QKK,V5XF31YG,CREDCFCRL_0207
VERTIZ,MZ035QJN,V5XF31YL,CREDCFCRL_0208
VERTIZ,MZ035QJM,V5XF31YM,CREDCFCRL_0209
VERTIZ,MZ035QKR,V5XF31Y1,CREDCFCRL_0210
VERTIZ,MZ036YBT,V5XF31XZ,CREDCFCRL_0211
VERTIZ,MZ036YBL,V5XF31XW,CREDCFCRL_0212
VERTIZ,MZ036YBC,V5XF31Y3,CREDCFCRL_0213
VERTIZ,MZ036YBA,V5XF31YD,CREDCFCRL_0214
VERTIZ,MZ036YBM,V5XF31X9,CREDCFCRL_0215
VERTIZ,MZ035QJ6,V5XF31XY,CREDCFCRL_0216
VERTIZ,MZ035QG8,V5XF31XT,CREDCFCRL_0217
VERTIZ,MZ035QGB,V5XF31Y0,CREDCFCRL_0218
VERTIZ,MZ035QG9,V5XF31WH,CREDCFCRL_0219
VERTIZ,MZ035QG6,V5XF31WM,CREDCFCRL_0220
VERTIZ,MZ035QKC,V5XF31WY,CREDCFCRL_0221
VERTIZ,MZ036YB9,V5XF31WZ,CREDCFCRL_0222
VERTIZ,MZ036YBS,V5XF31X2,CREDCFCRL_0223
VERTIZ,MZ035QHR,V5XF31WT,CREDCFCRL_0224
VERTIZ,MZ035QG7,V5XF31WN,CREDCFCRL_0225
VERTIZ,MZ035QDH,V5XF31XL,CREDCFCRL_0226
VERTIZ,MZ035QE3,V5XF31X3,CREDCFCRL_0227
VERTIZ,MZ035QEC,V5XF31YF,CREDCFCRL_0228
VERTIZ,MZ035QDW,V5XF31YA,CREDCFCRL_0229
VERTIZ,MZ035QKJ,V5XF31Y9,CREDCFCRL_0230
VERTIZ,MZ035QJP,V5XF31Y6,CREDCFCRL_0231
VERTIZ,MZ036YB7,V5XF31Z2,CREDCFCRL_0232
VERTIZ,MZ036YBF,V5XF31X8,CREDCFCRL_0233
VERTIZ,MZ036YB8,V5XF31XA,CREDCFCRL_0234
VERTIZ,MZ036YBK,V5XF31XC,CREDCFCRL_0235
VERTIZ,MZ036YBR,V5XF31XG,CREDCFCRL_0236
VERTIZ,MZ035QJS,V5XF31XM,CREDCFCRL_0237
VERTIZ,MZ035QJR,V5XF31XD,CREDCFCRL_0238
VERTIZ,MZ035QB6,V5XF31XV,CREDCFCRL_0239
VERTIZ,MZ035QK1,V5XF31XP,CREDCFCRL_0240
VERTIZ,MZ035QHZ,V5XF31XR,CREDCFCRL_0241
VERTIZ,MZ035QK0,V5XF31WX,CREDCFCRL_0242
VERTIZ,MZ035Q9H,V5XF31WW,CREDCFCRL_0243
VERTIZ,MZ035Q9R,V5XF31X1,CREDCFCRL_0244
VERTIZ,MZ036YC2,V5XF31X0,CREDCFCRL_0245
VERTIZ,MZ036YBG,V5XF31XF,CREDCFCRL_0246
VERTIZ,MZ035Q8K,V5XF31XB,CREDCFCRL_0247
VERTIZ,MZ035QNJ,V5XF31X6,CREDCFCRL_0248
VERTIZ,MZ035Q8Y,V5XF31WR,CREDCFCRL_0249
VERTIZ,MZ035QPC,V5XF31WV,CREDCFCRL_0250
VERTIZ,MZ035QFY,V5XF748T,CREDCFCRL_0414
VERTIZ,MZ035QFJ,V5XF748F,CREDCFCRL_0415
VERTIZ,MZ035QH5,V5XF7494,CREDCFCRL_0416
VERTIZ,MZ035QFW,V5XF748G,CREDCFCRL_0417
VERTIZ,MZ035QHG,V5XF746H,CREDCFCRL_0418
VERTIZ,MZ035QHE,V5XF746R,CREDCFCRL_0419
VERTIZ,MZ035QHH,V5XF746V,CREDCFCRL_0420
VERTIZ,MZ035QFP,V5XF7462,CREDCFCRL_0421
VERTIZ,MZ035QEX,V5XF7468,CREDCFCRL_0422
VERTIZ,MZ035QFK,V5XF746N,CREDCFCRL_0423
VERTIZ,MZ035QHD,V5XF746T,CREDCFCRL_0424
VERTIZ,MZ035QHK,V5XF74B5,CREDCFCRL_0425
VERTIZ,MZ035QFZ,V5XF3237,CREDCFCRL_0426
VERTIZ,MZ035QFL,V5XF3236,CREDCFCRL_0427
VERTIZ,MZ035QHJ,V5XF322R,CREDCFCRL_0428
VERTIZ,MZ035QFR,V5XF3233,CREDCFCRL_0429
VERTIZ,MZ035QF3,V5XF7470,CREDCFCRL_0430
VERTIZ,MZ035QFT,V5XF7467,CREDCFCRL_0431
VERTIZ,MZ035QHA,V5XF746W,CREDCFCRL_0432
VERTIZ,MZ035QFM,V5XF746B,CREDCFCRL_0433
VERTIZ,MZ035QHC,V5XF749R,CREDCFCRL_0434
VERTIZ,MZ035QHW,V5XF746P,CREDCFCRL_0435
VERTIZ,MZ035QFX,V5XF6C3F,CREDCFCRL_0436
VERTIZ,MZ035QH4,V5XF6C3L,CREDCFCRL_0437
VERTIZ,MZ035QFH,V5XF6C3H,CREDCFCRL_0438
VERTIZ,MZ035QEQ,V5XF6C3P,CREDCFCRL_0439
VERTIZ,MZ035QDV,V5XF6C43,CREDCFCRL_0440
VERTIZ,MZ035QH6,V5XF6C40,CREDCFCRL_0441
VERTIZ,MZ035QHB,V5XF6C41,CREDCFCRL_0442
VERTIZ,MZ035QE2,V5XF6C45,CREDCFCRL_0443
VERTIZ,MZ035QE0,V5XF6C6W,CREDCFCRL_0444
AJUSCO,MZ035QNX,V5XF3230,CREDCFCRL_0001
AJUSCO,MZ035Q9M,V5XF322Y,CREDCFCRL_0002
AJUSCO,MZ035QNT,V5XF3234,CREDCFCRL_0003
AJUSCO,MZ035QR6,V5XF3231,CREDCFCRL_0004
AJUSCO,MZ035QSG,V5XF323P,CREDCFCRL_0005
AJUSCO,MZ035QW2,V5XF323G,CREDCFCRL_0006
AJUSCO,MZ035QVP,V5XF322T,CREDCFCRL_0007
AJUSCO,MZ035QWC,V5XF322X,CREDCFCRL_0008
AJUSCO,MZ035QW1,V5XF323D,CREDCFCRL_0009
AJUSCO,MZ035QSZ,V5XF322M,CREDCFCRL_0010
AJUSCO,MZ035QWE,V5XF3239,CREDCFCRL_0011
AJUSCO,MZ035Q9K,V5XF3238,CREDCFCRL_0012
AJUSCO,MZ035Q98,V5XF322L,CREDCFCRL_0013
AJUSCO,MZ035QTF,V5XF322C,CREDCFCRL_0014
AJUSCO,MZ035QTQ,V5XF3229,CREDCFCRL_0015
AJUSCO,MZ035QVR,V5XF31Y8,CREDCFCRL_0016
AJUSCO,MZ035QVF,V5XF322Z,CREDCFCRL_0017
AJUSCO,MZ035QT8,V5XF322K,CREDCFCRL_0018
AJUSCO,MZ035QTH,V5XF322P,CREDCFCRL_0019
AJUSCO,MZ035QVY,V5XF322V,CREDCFCRL_0020
AJUSCO,MZ035QR8,V5XDYL97,CREDCFCRL_0021
AJUSCO,MZ035Q93,V5XF322G,CREDCFCRL_0022
AJUSCO,MZ035QV0,V5XF322D,CREDCFCRL_0023
AJUSCO,MZ035QT7,V5XF2WYZ,CREDCFCRL_0024
AJUSCO,MZ035QVQ,V5XF31YT,CREDCFCRL_0025
AJUSCO,MZ035QTR,V5XF31Y4,CREDCFCRL_0026
AJUSCO,MZ035QVE,V5XF31Y7,CREDCFCRL_0027
AJUSCO,MZ035QVK,V5XF31YB,CREDCFCRL_0028
AJUSCO,MZ035QW6,V5XF31Y2,CREDCFCRL_0029
AJUSCO,MZ035QPL,V5XF31Y5,CREDCFCRL_0030
AJUSCO,MZ035QVB,V5XF31YY,CREDCFCRL_0031
AJUSCO,MZ035QW3,V5XF31YK,CREDCFCRL_0032
AJUSCO,MZ035QBY,V5XF31Z8,CREDCFCRL_0033
AJUSCO,MZ035QS4,V5XF31Z3,CREDCFCRL_0034
AJUSCO,MZ035QVD,V5XDYL9C,CREDCFCRL_0035
AJUSCO,MZ035QWD,V5XDYL9R,CREDCFCRL_0036
AJUSCO,MZ035QW9,V5XDYL9L,CREDCFCRL_0037
AJUSCO,MZ035QVA,V5XDYL9F,CREDCFCRL_0038
AJUSCO,MZ035QTS,V5XF31X7,CREDCFCRL_0039
AJUSCO,MZ035QV2,V5XDYL8X,CREDCFCRL_0040
AJUSCO,MZ035QRL,V5XF31XK,CREDCFCRL_0041
AJUSCO,MZ035QSC,V5XF31X4,CREDCFCRL_0042
AJUSCO,MZ035QPS,V5XF31X5,CREDCFCRL_0043
AJUSCO,MZ035QNK,V5XDYL9D,CREDCFCRL_0044
AJUSCO,MZ035QMF,V5XDYL9G,CREDCFCRL_0045
AJUSCO,MZ035QMX,V5XDYL9T,CREDCFCRL_0046
AJUSCO,MZ035QMP,V5XDYL9P,CREDCFCRL_0047
AJUSCO,MZ035QN4,V5XDYL9V,CREDCFCRL_0048
AJUSCO,MZ035QMH,V5XDYL9H,CREDCFCRL_0049
AJUSCO,MZ035QMK,V5XF322H,CREDCFCRL_0050
AJUSCO,MZ035QPJ,V5XF322N,CREDCFCRL_0051
AJUSCO,MZ035QN7,V5XF322W,CREDCFCRL_0052
AJUSCO,MZ035QP4,V5XDYL9A,CREDCFCRL_0053
AJUSCO,MZ035QPM,V5XDYL9B,CREDCFCRL_0054
AJUSCO,MZ035QP6,V5XDYL9M,CREDCFCRL_0055
AJUSCO,MZ035QPG,V5XDYL9K,CREDCFCRL_0056
AJUSCO,MZ035QNY,V5XDYL99,CREDCFCRL_0057
AJUSCO,MZ035QMR,V5XDYL9Y,CREDCFCRL_0058
AJUSCO,MZ035QMN,V5XDYL9N,CREDCFCRL_0059
AJUSCO,MZ035QN0,V5XDYLA1,CREDCFCRL_0060
AJUSCO,MZ035QMT,V5XDYL9W,CREDCFCRL_0061
AJUSCO,MZ035QMY,V5XDYL8K,CREDCFCRL_0062
AJUSCO,MZ035QMJ,V5XDYL8H,CREDCFCRL_0063
AJUSCO,MZ035QP3,V5XDYL91,CREDCFCRL_0064
AJUSCO,MZ037237,V5XDYL93,CREDCFCRL_0065
AJUSCO,MZ035QMB,V5XDYL96,CREDCFCRL_0066
AJUSCO,MZ035QMQ,V5XDYL95,CREDCFCRL_0067
AJUSCO,MZ035QMG,V5XDYL90,CREDCFCRL_0068
AJUSCO,MZ035QM7,V5XDYL8V,CREDCFCRL_0069
AJUSCO,MZ035QN1,V5XDYL94,CREDCFCRL_0070
AJUSCO,MZ035QMV,V5XF6C42,CREDCFCRL_0071
AJUSCO,MZ035QMZ,V5XF6C3Y,CREDCFCRL_0072
AJUSCO,MZ035QM6,V5XF6C3M,CREDCFCRL_0073
AJUSCO,MZ035QNV,V5XF6C3T,CREDCFCRL_0074
AJUSCO,MZ035QPD,V5XF6C3V,CREDCFCRL_0075
AJUSCO,MZ035QPF,V5XF6C3R,CREDCFCRL_0076
AJUSCO,MZ035QPX,V5XF6C3N,CREDCFCRL_0077
AJUSCO,MZ035QP7,V5XF6C3X,CREDCFCRL_0078
AJUSCO,MZ035QML,V5XF6C3W,CREDCFCRL_0079
AJUSCO,MZ035QN2,V5XF6C38,CREDCFCRL_0080
AJUSCO,MZ035QME,V5XF6C35,CREDCFCRL_0081
AJUSCO,MZ035QN8,V5XF6C37,CREDCFCRL_0082
AJUSCO,MZ035QMM,V5XF6C36,CREDCFCRL_0083
AJUSCO,MZ035QN5,V5XF6C39,CREDCFCRL_0084
AJUSCO,MZ035QKQ,V5XF6C34,CREDCFCRL_0085
AJUSCO,MZ035QK5,V5XF6C3D,CREDCFCRL_0086
AJUSCO,MZ035QK9,V5XF6C2Z,CREDCFCRL_0087
AJUSCO,MZ035QKP,V5XF6C30,CREDCFCRL_0088
AJUSCO,MZ036Y77,V5XF6C2Y,CREDCFCRL_0089
AJUSCO,MZ035QSV,V5XF6C2F,CREDCFCRL_0090
AJUSCO,MZ035QTG,V5XF6C2M,CREDCFCRL_0091
AJUSCO,MZ035QKG,V5XF6C2K,CREDCFCRL_0092
AJUSCO,MZ035QKB,V5XF6C2L,CREDCFCRL_0093
AJUSCO,MZ035QJZ,V5XF6C2B,CREDCFCRL_0094
AJUSCO,MZ035QGT,V5XF6C2H,CREDCFCRL_0095
AJUSCO,MZ0371RA,V5XF6C25,CREDCFCRL_0096
AJUSCO,MZ0371TY,V5XF6C23,CREDCFCRL_0097
AJUSCO,MZ035QKA,V5XF6C4M,CREDCFCRL_0098
AJUSCO,MZ035QJT,V5XF6C4G,CREDCFCRL_0099
AJUSCO,MZ035QJ9,V5XF6C4F,CREDCFCRL_0100
AJUSCO,MZ035QGQ,V5XF6C47,CREDCFCRL_0101
AJUSCO,MZ035QJY,V5XF6C4H,CREDCFCRL_0102
AJUSCO,MZ035QH0,V5XF6C4D,CREDCFCRL_0103
AJUSCO,MZ035QKM,V5XF6C4B,CREDCFCRL_0104
AJUSCO,MZ0371TP,V5XF6C4R,CREDCFCRL_0105
AJUSCO,MZ035QJ0,V5XF6C3Z,CREDCFCRL_0106
AJUSCO,MZ035QGE,V5XF6C33,CREDCFCRL_0107
AJUSCO,MZ036YB3,V5XF6C31,CREDCFCRL_0108
AJUSCO,MZ036YAS,V5XF6C2G,CREDCFCRL_0109
AJUSCO,MZ035QGS,V5XF6C2X,CREDCFCRL_0110
AJUSCO,MZ035QK3,V5XF6C3K,CREDCFCRL_0111
AJUSCO,MZ035QKH,V5XF6C3C,CREDCFCRL_0112
AJUSCO,MZ035QTC,V5XF6C3G,CREDCFCRL_0113
AJUSCO,MZ035QRC,V5XF6C49,CREDCFCRL_0114
AJUSCO,MZ035QKN,V5XF6C4C,CREDCFCRL_0115
AJUSCO,MZ035QGM,V5XF6C2N,CREDCFCRL_0116
AJUSCO,MZ035QHS,V5XF6C2R,CREDCFCRL_0117
AJUSCO,MZ035QJV,V5XF6C2V,CREDCFCRL_0118
AJUSCO,MZ035QGD,V5XF6C2T,CREDCFCRL_0119
AJUSCO,MZ035QJX,V5XF6C2P,CREDCFCRL_0120
AJUSCO,MZ035QJW,V5XF6C32,CREDCFCRL_0121
AJUSCO,MZ035QJD,V5XF6C2W,CREDCFCRL_0122
AJUSCO,MZ035QJK,V5XF6C26,CREDCFCRL_0123
AJUSCO,MZ035QJE,V5XF6C2D,CREDCFCRL_0124
AJUSCO,MZ035QJA,V5XF2YYL,CREDCFCRL_0125
AJUSCO,MZ035QK4,V5XF2YYY,CREDCFCRL_0126
AJUSCO,MZ036YBB,V5XF2YYW,CREDCFCRL_0127
AJUSCO,MZ036YC9,V5XF2YZ1,CREDCFCRL_0128
AJUSCO,MZ037241,V5XF2YZ7,CREDCFCRL_0129
AJUSCO,MZ03724D,V5XF2YYV,CREDCFCRL_0130
AJUSCO,MZ03724M,V5XF2YZD,CREDCFCRL_0131
AJUSCO,MZ0371VS,V5XF2YZG,CREDCFCRL_0132
AJUSCO,MZ037244,V5XF2YZR,CREDCFCRL_0133
AJUSCO,MZ037249,V5XF2YZK,CREDCFCRL_0134
AJUSCO,MZ03724T,V5XF31Z7,CREDCFCRL_0135
AJUSCO,MZ037248,V5XF2YYZ,CREDCFCRL_0136
AJUSCO,MZ036YBY,V5XF2YZ8,CREDCFCRL_0137
AJUSCO,MZ036YBP,V5XF2YZC,CREDCFCRL_0138
AJUSCO,MZ036YCX,V5XF2YZ3,CREDCFCRL_0139
AJUSCO,MZ036YBH,V5XF2YZ2,CREDCFCRL_0140
AJUSCO,MZ036YBX,V5XF2YZ9,CREDCFCRL_0141
AJUSCO,MZ03724A,V5XF2YZH,CREDCFCRL_0142
AJUSCO,MZ03724R,V5XF2YZL,CREDCFCRL_0143
AJUSCO,MZ03723B,V5XF2YZB,CREDCFCRL_0144
AJUSCO,MZ03724Y,V5XF2YZN,CREDCFCRL_0145
AJUSCO,MZ03724H,V5XF2YZV,CREDCFCRL_0146
AJUSCO,MZ03723F,V5XF2YZF,CREDCFCRL_0147
AJUSCO,MZ036YB5,V5XF2YZX,CREDCFCRL_0148
AJUSCO,MZ036YBE,V5XF2Z0T,CREDCFCRL_0149
AJUSCO,MZ03723G,V5XF2Z01,CREDCFCRL_0150
AJUSCO,MZ03724G,V5XF31Z4,CREDCFCRL_0151
AJUSCO,MZ03723L,V5XDYL8T,CREDCFCRL_0152
AJUSCO,MZ037245,V5XDYL92,CREDCFCRL_0153
AJUSCO,MZ037240,V5XDYL8Y,CREDCFCRL_0154
AJUSCO,MZ03720Q,V5XDYL8W,CREDCFCRL_0155
AJUSCO,MZ03724X,V5XDYL8C,CREDCFCRL_0156
AJUSCO,MZ03724W,V5XDYL8B,CREDCFCRL_0157
AJUSCO,MZ036YBV,V5XDYL8N,CREDCFCRL_0158
AJUSCO,MZ036YB6,V5XF2YZA,CREDCFCRL_0159
AJUSCO,MZ036YBW,V5XF2YZ5,CREDCFCRL_0160
AJUSCO,MZ036YAR,V5XDYL7Y,CREDCFCRL_0161
AJUSCO,MZ036Y9P,V5XDYL7R,CREDCFCRL_0162
AJUSCO,MZ03724S,V5XDYL78,CREDCFCRL_0163
AJUSCO,MZ037251,V5XDYL76,CREDCFCRL_0164
AJUSCO,MZ0371VN,V5XDYL85,CREDCFCRL_0165
AJUSCO,MZ03724N,V5XDYL86,CREDCFCRL_0166
AJUSCO,MZ037250,V5XDYL87,CREDCFCRL_0167
AJUSCO,MZ03724C,V5XDYL80,CREDCFCRL_0168
AJUSCO,MZ035QNH,V5XDYL83,CREDCFCRL_0169
AJUSCO,MZ035QPN,V5XF2Z03,CREDCFCRL_0170
AJUSCO,MZ035QP2,V5XF2Z09,CREDCFCRL_0171
AJUSCO,MZ035QPB,V5XF3263,CREDCFCRL_0172
AJUSCO,MZ035QPQ,V5XF2YZY,CREDCFCRL_0173
AJUSCO,MZ035QN9,V5XF2YZZ,CREDCFCRL_0174
AJUSCO,MZ035QL7,V5XF2YZW,CREDCFCRL_0175
AJUSCO,MZ035QP0,V5XF2Z02,CREDCFCRL_0176
AJUSCO,MZ035QPV,V5XF2YZT,CREDCFCRL_0177
AJUSCO,MZ035QNW,V5XF31Z0,CREDCFCRL_0178
AJUSCO,MZ035QPP,V5XF2Y47,CREDCFCRL_0179
AJUSCO,MZ035QNL,V5XF2NKR,CREDCFCRL_0180
AJUSCO,MZ035QP5,V5XF2NKW,CREDCFCRL_0181
AJUSCO,MZ035QGN,V5XF2Y72,CREDCFCRL_0182
AJUSCO,MZ035QND,V5XF2Y71,CREDCFCRL_0183
AJUSCO,MZ035QKT,V5XF2NKT,CREDCFCRL_0184
AJUSCO,MZ035QKZ,V5XF2NKV,CREDCFCRL_0185
AJUSCO,MZ035QNC,V5XF2NKM,CREDCFCRL_0186
AJUSCO,MZ035QNA,V5XF2NKL,CREDCFCRL_0187
AJUSCO,MZ035QPA,V5XF2NLD,CREDCFCRL_0188
AJUSCO,MZ035QN3,V5XF2NL8,CREDCFCRL_0189
AJUSCO,MZ035QP9,V5XF2NK5,CREDCFCRL_0190
AJUSCO,MZ035QPK,V5XF2NLA,CREDCFCRL_0191
AJUSCO,MZ035QNF,V5XF2NLF,CREDCFCRL_0192
AJUSCO,MZ035QNQ,V5XF2NKD,CREDCFCRL_0193
AJUSCO,MZ035QN6,V5XF2NK4,CREDCFCRL_0194
AJUSCO,MZ035QNG,V5XF2NKG,CREDCFCRL_0195
AJUSCO,MZ035QNR,V5XF2NK0,CREDCFCRL_0196
AJUSCO,MZ035QP1,V5XF2NKH,CREDCFCRL_0197
AJUSCO,MZ035QNB,V5XF2NKK,CREDCFCRL_0198
AJUSCO,MZ035QPT,V5XF2NKC,CREDCFCRL_0199
AJUSCO,MZ035QMW,V5XF2NK1,CREDCFCRL_0200
AJUSCO,MZ035QR1,V5XF745B,CREDCFCRL_0280
AJUSCO,MZ035QR9,V5XF745P,CREDCFCRL_0281
AJUSCO,MZ035QSP,V5XF745T,CREDCFCRL_0282
AJUSCO,MZ035QQE,V5XF745K,CREDCFCRL_0283
AJUSCO,MZ035QV4,V5XF745L,CREDCFCRL_0284
AJUSCO,MZ035QV5,V5XF745F,CREDCFCRL_0285
AJUSCO,MZ035QWA,V5XF745H,CREDCFCRL_0286
AJUSCO,MZ035QQB,V5XF7457,CREDCFCRL_0287
AJUSCO,MZ035QVN,V5XF7456,CREDCFCRL_0288
AJUSCO,MZ035QTV,V5XF7455,CREDCFCRL_0289
AJUSCO,MZ035QW0,V5XF747T,CREDCFCRL_0290
AJUSCO,MZ035QK7,V5XF744Z,CREDCFCRL_0291
AJUSCO,MZ035QNM,V5XF7454,CREDCFCRL_0292
AJUSCO,MZ035QEP,V5XF7452,CREDCFCRL_0293
AJUSCO,MZ035Q8S,V5XF747F,CREDCFCRL_0294
AJUSCO,MZ035QE1,V5XF7A2P,CREDCFCRL_0295
AJUSCO,MZ035QKF,V5XF7A06,CREDCFCRL_0296
AJUSCO,MZ035QHP,V5XF7A03,CREDCFCRL_0297
AJUSCO,MZ035QS2,V5XF7A02,CREDCFCRL_0298
AJUSCO,MZ035QRN,V5XF79ZZ,CREDCFCRL_0299
AJUSCO,MZ035QTK,V5XF7A07,CREDCFCRL_0300
AJUSCO,MZ035QGX,V5XF79Z7,CREDCFCRL_0301
AJUSCO,MZ035QPY,V5XF79Z3,CREDCFCRL_0302
AJUSCO,MZ035QQ3,V5XF79YZ,CREDCFCRL_0303
AJUSCO,MZ035QSD,V5XF79Z0,CREDCFCRL_0304
AJUSCO,MZ035QT2,V5XF7A1W,CREDCFCRL_0305
AJUSCO,MZ035QS1,V5XF79ZA,CREDCFCRL_0306
AJUSCO,MZ035QVG,V5XF7458,CREDCFCRL_0307
AJUSCO,MZ035QTB,V5XF7451,CREDCFCRL_0308
AJUSCO,MZ035QVT,V5XF7453,CREDCFCRL_0309
AJUSCO,MZ035QW5,V5XF745M,CREDCFCRL_0310
AJUSCO,MZ035QLD,V5XF745W,CREDCFCRL_0311
AJUSCO,MZ035QL8,V5XF745R,CREDCFCRL_0312
AJUSCO,MZ035QMD,V5XF745Y,CREDCFCRL_0313
AJUSCO,MZ035QV6,V5XF745A,CREDCFCRL_0314
AJUSCO,MZ035QER,V5XF7450,CREDCFCRL_0315
AJUSCO,MZ035Q94,V5XF7A2Y,CREDCFCRL_0316
AJUSCO,MZ035Q91,V5XF7A09,CREDCFCRL_0317
AJUSCO,MZ035Q9Q,V5XF7A2H,CREDCFCRL_0318
AJUSCO,MZ035QEH,V5XF747R,CREDCFCRL_0319
AJUSCO,MZ035QQ4,V5XF7A08,CREDCFCRL_0320
AJUSCO,MZ035QVH,V5XF79ZY,CREDCFCRL_0321
AJUSCO,MZ035QPR,V5XF744Y,CREDCFCRL_0322
AJUSCO,MZ035QRQ,V5XF744X,CREDCFCRL_0323
AJUSCO,MZ035Q8M,V5XF747N,CREDCFCRL_0324
AJUSCO,MZ035QT9,V5XF7A04,CREDCFCRL_0325
AJUSCO,MZ035QQX,V5XF7A01,CREDCFCRL_0326
AJUSCO,MZ035Q9G,V5XF7A2V,CREDCFCRL_0327
AJUSCO,MZ0371S4,V5XF7A2B,CREDCFCRL_0328
AJUSCO,MZ035QS5,V5XF7A0A,CREDCFCRL_0329
AJUSCO,MZ035QRJ,V5XF7A00,CREDCFCRL_0330
AJUSCO,MZ035QRY,V5XF79ZW,CREDCFCRL_0331
AJUSCO,MZ035QRM,V5XF79ZT,CREDCFCRL_0332
AJUSCO,MZ035QSL,V5XF79ZR,CREDCFCRL_0333
AJUSCO,MZ035QQZ,V5XF74A7,CREDCFCRL_0334
AJUSCO,MZ035QQF,V5XF7478,CREDCFCRL_0335
AJUSCO,MZ035QQ5,V5XF74A3,CREDCFCRL_0336
AJUSCO,MZ0371V3,V5XF7471,CREDCFCRL_0337
AJUSCO,MZ0371QS,V5XF7473,CREDCFCRL_0338
AJUSCO,MZ035QS8,V5XF7497,CREDCFCRL_0339
AJUSCO,MZ035QS9,V5XF7491,CREDCFCRL_0340
AJUSCO,MZ035QQS,V5XF747B,CREDCFCRL_0341
AJUSCO,MZ035QQ6,V5XF748N,CREDCFCRL_0342
AJUSCO,MZ035QQG,V5XF748P,CREDCFCRL_0343
AJUSCO,MZ035QQ7,V5XF746Y,CREDCFCRL_0344
AJUSCO,MZ035Q8R,V5XF747K,CREDCFCRL_0345
AJUSCO,MZ035QR3,V5XF747G,CREDCFCRL_0346
AJUSCO,MZ035QRA,V5XF7475,CREDCFCRL_0347
AJUSCO,MZ035Q8Z,V5XF7479,CREDCFCRL_0348
AJUSCO,MZ0371QV,V5XF747H,CREDCFCRL_0349
AJUSCO,MZ035Q9B,V5XF74KB,CREDCFCRL_0350
AJUSCO,MZ0371QR,V5XF747D,CREDCFCRL_0351
AJUSCO,MZ035Q96,V5XF74PZ,CREDCFCRL_0352
AJUSCO,MZ035QR4,V5XF74R3,CREDCFCRL_0353
AJUSCO,MZ035QQT,V5XF74TR,CREDCFCRL_0354
AJUSCO,MZ035QS7,V5XF74TV,CREDCFCRL_0355
AJUSCO,MZ035QRX,V5XF74TM,CREDCFCRL_0356
AJUSCO,MZ035QRW,V5XF74W5,CREDCFCRL_0357
AJUSCO,MZ035Q9J,V5XF74V5,CREDCFCRL_0358
AJUSCO,MZ035Q92,V5XF74V2,CREDCFCRL_0359
AJUSCO,MZ0371TS,V5XDYL8M,CREDCFCRL_0360
AJUSCO,MZ035QSJ,V5XDYL8D,CREDCFCRL_0361
AJUSCO,MZ035QSK,V5XDYL8G,CREDCFCRL_0362
AJUSCO,MZ035QRD,V5XDYL7A,CREDCFCRL_0363
AJUSCO,MZ035QRE,V5XDYL73,CREDCFCRL_0364
AJUSCO,MZ035QR2,V5XDYL88,CREDCFCRL_0365
AJUSCO,MZ035QRR,V5XDYL8A,CREDCFCRL_0366
AJUSCO,MZ035QSQ,V5XDYL84,CREDCFCRL_0367
AJUSCO,MZ035QQH,V5XDYL7X,CREDCFCRL_0368
AJUSCO,MZ035QQN,V5XDYL7H,CREDCFCRL_0369
AJUSCO,MZ035QLS,V5XDYL7K,CREDCFCRL_0370
AJUSCO,MZ035QLL,V5XDYL7V,CREDCFCRL_0371
AJUSCO,MZ035QLH,V5XDYL7W,CREDCFCRL_0372
AJUSCO,MZ035QLG,V5XDYL7Z,CREDCFCRL_0373
AJUSCO,MZ035QLQ,V5XDYL7L,CREDCFCRL_0374
AJUSCO,MZ035QM1,V5XDYL6F,CREDCFCRL_0375
AJUSCO,MZ035Q9E,V5XDYL6K,CREDCFCRL_0376
AJUSCO,MZ035Q97,V5XDYL7P,CREDCFCRL_0377
AJUSCO,MZ035Q9L,V5XDYL6L,CREDCFCRL_0378
AJUSCO,MZ035Q9N,V5XDYL6V,CREDCFCRL_0379
AJUSCO,MZ035QRP,V5XDYL72,CREDCFCRL_0380
AJUSCO,MZ035QQR,V5XDYL79,CREDCFCRL_0381
AJUSCO,MZ035QRB,V5XDYL70,CREDCFCRL_0382
AJUSCO,MZ035QSN,V5XDYL6X,CREDCFCRL_0383
AJUSCO,MZ035QQQ,V5XDYL74,CREDCFCRL_0384
AJUSCO,MZ035QQW,V5XDYL71,CREDCFCRL_0385
AJUSCO,MZ035QM4,V5XDYL75,CREDCFCRL_0386
AJUSCO,MZ035QMC,V5XDYL8Z,CREDCFCRL_0387
AJUSCO,MZ035QLV,V5XDYL8R,CREDCFCRL_0388
AJUSCO,MZ035QMA,V5XDYL8P,CREDCFCRL_0389
AJUSCO,MZ035QLJ,V5XDYL81,CREDCFCRL_0390
AJUSCO,MZ035QLX,V5XDYL82,CREDCFCRL_0391
AJUSCO,MZ035QSM,V5XDYL98,CREDCFCRL_0392
AJUSCO,MZ035QSA,V5XDYL89,CREDCFCRL_0393
AJUSCO,MZ035QPZ,V5XDYL8L,CREDCFCRL_0394
AJUSCO,MZ035QLY,V5XDYL8F,CREDCFCRL_0395
AJUSCO,MZ035QLR,V5XDYL7F,CREDCFCRL_0396
AJUSCO,MZ035QM0,V5XDYL7D,CREDCFCRL_0397
AJUSCO,MZ035QLW,V5XDYL7C,CREDCFCRL_0398
AJUSCO,MZ035QM8,V5XDYL7T,CREDCFCRL_0399
AJUSCO,MZ035QM5,V5XDYL77,CREDCFCRL_0400
AJUSCO,MZ035QM2,V5XDYL7M,CREDCFCRL_0401
AJUSCO,MZ035QM9,V5XDYL7N,CREDCFCRL_0402
AJUSCO,MZ035QLM,V5XDYL7G,CREDCFCRL_0403
AJUSCO,MZ035QLK,V5XDYL7B,CREDCFCRL_0404
AJUSCO,MZ035QR0,V5XDYL6H,CREDCFCRL_0405
AJUSCO,MZ035QQP,V5XDYL6P,CREDCFCRL_0406
AJUSCO,MZ035QSB,V5XDYL6W,CREDCFCRL_0407
AJUSCO,MZ035QLE,V5XDYL6R,CREDCFCRL_0408
AJUSCO,MZ035QLZ,V5XDYL6T,CREDCFCRL_0409
AJUSCO,MZ035QLT,V5XDYL6N,CREDCFCRL_0410
AJUSCO,MZ035QBH,V5XDYL6M,CREDCFCRL_0411
AJUSCO,MZ035QLF,V5XDYL6Y,CREDCFCRL_0412
AJUSCO,MZ035QM3,V5XDYL6Z,CREDCFCRL_0413
